job_title,job_detail_url,job_listed,company_name,company_link,company_location
Junior Data Scientist,https://www.linkedin.com/jobs/view/junior-data-scientist-at-louis-vuitton-4184288621?position=1&pageNum=0&refId=HgU79nN86L5X1M%2BurGd7EQ%3D%3D&trackingId=mw0LHARTIwNRAz%2F3Klz8VQ%3D%3D,2 days ago,Louis Vuitton,https://fr.linkedin.com/company/louis-vuitton?trk=public_jobs_jserp-result_job-search-card-subtitle,"New York, NY"
Junior Business Analyst,https://www.linkedin.com/jobs/view/junior-business-analyst-at-morgan-stanley-4182955414?position=2&pageNum=0&refId=HgU79nN86L5X1M%2BurGd7EQ%3D%3D&trackingId=grOGjHUdO%2BpamfGj0JbBug%3D%3D,3 days ago,Morgan Stanley,https://www.linkedin.com/company/morgan-stanley?trk=public_jobs_jserp-result_job-search-card-subtitle,New York City Metropolitan Area
Engineer (New Grad),https://www.linkedin.com/jobs/view/engineer-new-grad-at-nimblerx-4184351976?position=3&pageNum=0&refId=HgU79nN86L5X1M%2BurGd7EQ%3D%3D&trackingId=2jpxzuu7eV%2BjPWD9hS5MLg%3D%3D,3 weeks ago,NimbleRx,https://www.linkedin.com/company/nimblerx?trk=public_jobs_jserp-result_job-search-card-subtitle,"Redwood City, CA"
Master Data Coordinator,https://www.linkedin.com/jobs/view/master-data-coordinator-at-poppi-4183554421?position=4&pageNum=0&refId=HgU79nN86L5X1M%2BurGd7EQ%3D%3D&trackingId=SsLxu7Xciwdm5KnDBohCWQ%3D%3D,3 days ago,poppi,https://www.linkedin.com/company/poppi?trk=public_jobs_jserp-result_job-search-card-subtitle,"Austin, TX"
Senior BI Analyst,https://www.linkedin.com/jobs/view/senior-bi-analyst-at-safeway-4182900305?position=5&pageNum=0&refId=HgU79nN86L5X1M%2BurGd7EQ%3D%3D&trackingId=P0U4oIC030q8Y%2FAZHztARA%3D%3D,3 days ago,Safeway,https://www.linkedin.com/company/safeway?trk=public_jobs_jserp-result_job-search-card-subtitle,"Denver, CO"
Jr. Python Developer II,https://www.linkedin.com/jobs/view/jr-python-developer-ii-at-it-engagements-inc-4158673849?position=6&pageNum=0&refId=HgU79nN86L5X1M%2BurGd7EQ%3D%3D&trackingId=F3RKYqLNO4Jacji7rdgpBA%3D%3D,3 weeks ago,"IT Engagements, Inc.",https://www.linkedin.com/company/it-engagements-inc?trk=public_jobs_jserp-result_job-search-card-subtitle,"Washington, DC"
Business Intelligence Developer,https://www.linkedin.com/jobs/view/business-intelligence-developer-at-linkedin-4184313082?position=7&pageNum=0&refId=HgU79nN86L5X1M%2BurGd7EQ%3D%3D&trackingId=NUGdE1gAvaWE39U%2BhvMnjQ%3D%3D,2 days ago,LinkedIn,https://www.linkedin.com/company/linkedin?trk=public_jobs_jserp-result_job-search-card-subtitle,"Sunnyvale, CA"
Python Developer,https://www.linkedin.com/jobs/view/python-developer-at-accroid-inc-4148185422?position=8&pageNum=0&refId=HgU79nN86L5X1M%2BurGd7EQ%3D%3D&trackingId=S1GWwIkQ%2FBn9HQxsjUwoww%3D%3D,1 month ago,Accroid Inc,https://www.linkedin.com/company/accroid-inc?trk=public_jobs_jserp-result_job-search-card-subtitle,"Washington, DC"
Jr. Python Developer [Job ID 20250307],https://www.linkedin.com/jobs/view/jr-python-developer-job-id-20250307-at-phoenix-cyber-4179196463?position=9&pageNum=0&refId=HgU79nN86L5X1M%2BurGd7EQ%3D%3D&trackingId=TQqqENEwKyfFR8vhW1Odrw%3D%3D,1 week ago,Phoenix Cyber,https://www.linkedin.com/company/phoenixcyber?trk=public_jobs_jserp-result_job-search-card-subtitle,"Tampa, FL"
Backend Developer (Python),https://www.linkedin.com/jobs/view/backend-developer-python-at-adapty-io-4144057510?position=10&pageNum=0&refId=HgU79nN86L5X1M%2BurGd7EQ%3D%3D&trackingId=KPrW0Hr5wwvsMsgGaKJ1DQ%3D%3D,1 month ago,Adapty.io,https://www.linkedin.com/company/adaptyio?trk=public_jobs_jserp-result_job-search-card-subtitle,United States
Python Developer,https://www.linkedin.com/jobs/view/python-developer-at-purelogics-4141450053?position=1&pageNum=2&refId=9N8iIH5LxA3XXj%2FoD9oyGA%3D%3D&trackingId=DQe0suXFGge7oDeQCupZGA%3D%3D,1 month ago,PureLogics,https://www.linkedin.com/company/purelogics?trk=public_jobs_jserp-result_job-search-card-subtitle,"New York, NY"
Data Customer Insights Analyst,https://www.linkedin.com/jobs/view/data-customer-insights-analyst-at-cava-4183189119?position=2&pageNum=2&refId=9N8iIH5LxA3XXj%2FoD9oyGA%3D%3D&trackingId=v%2BgI7zNoqfszRqkGN1Lyzg%3D%3D,3 days ago,CAVA,https://www.linkedin.com/company/cava-?trk=public_jobs_jserp-result_job-search-card-subtitle,United States
Machine Learning Engineer,https://www.linkedin.com/jobs/view/machine-learning-engineer-at-ikigai-4184821866?position=3&pageNum=2&refId=9N8iIH5LxA3XXj%2FoD9oyGA%3D%3D&trackingId=NDfcnUiR3piyntT3mqvNpw%3D%3D,1 day ago,Ikigai,https://www.linkedin.com/company/ikigailabs?trk=public_jobs_jserp-result_job-search-card-subtitle,"San Mateo, CA"
Python Developer,https://www.linkedin.com/jobs/view/python-developer-at-accord-technologies-inc-4132360545?position=4&pageNum=2&refId=9N8iIH5LxA3XXj%2FoD9oyGA%3D%3D&trackingId=lse8l7EE6JDMgpFaCInuQg%3D%3D,1 month ago,Accord Technologies Inc,https://www.linkedin.com/company/accord-technologies-inc?trk=public_jobs_jserp-result_job-search-card-subtitle,"Phoenix, AZ"
Software Engineer,https://www.linkedin.com/jobs/view/software-engineer-at-deep-sky-4185055200?position=5&pageNum=2&refId=9N8iIH5LxA3XXj%2FoD9oyGA%3D%3D&trackingId=r3hsNtMqZ45B9jYxbJhnzg%3D%3D,1 day ago,Deep Sky,https://ca.linkedin.com/company/deep-sky-climate?trk=public_jobs_jserp-result_job-search-card-subtitle,"Los Angeles, CA"
Junior Data Science Engineer,https://www.linkedin.com/jobs/view/junior-data-science-engineer-at-cloudfit-software-4184235637?position=6&pageNum=2&refId=9N8iIH5LxA3XXj%2FoD9oyGA%3D%3D&trackingId=CuPfiHo9PclA4b5aNAJn%2BA%3D%3D,2 days ago,CloudFit Software,https://www.linkedin.com/company/cloudfitsoftware?trk=public_jobs_jserp-result_job-search-card-subtitle,"Lynchburg, VA"
Python Developer,https://www.linkedin.com/jobs/view/python-developer-at-bright-mind-solutions-llc-4171029199?position=7&pageNum=2&refId=9N8iIH5LxA3XXj%2FoD9oyGA%3D%3D&trackingId=6trjy2gkMWBSsgl9n8SMyA%3D%3D,2 weeks ago,Bright Mind Solutions LLC,https://www.linkedin.com/company/bright-mind-solutions-llc?trk=public_jobs_jserp-result_job-search-card-subtitle,"Pittsburgh, PA"
Python Developer [Job ID 20250307],https://www.linkedin.com/jobs/view/python-developer-job-id-20250307-at-phoenix-cyber-4179194552?position=8&pageNum=2&refId=9N8iIH5LxA3XXj%2FoD9oyGA%3D%3D&trackingId=pw2d1nJClyT%2B%2FQsB%2BkA3LQ%3D%3D,1 week ago,Phoenix Cyber,https://www.linkedin.com/company/phoenixcyber?trk=public_jobs_jserp-result_job-search-card-subtitle,"Atlanta, GA"
Python Developer,https://www.linkedin.com/jobs/view/python-developer-at-buyerlink-4145407981?position=9&pageNum=2&refId=9N8iIH5LxA3XXj%2FoD9oyGA%3D%3D&trackingId=zp8GAUkqiOz7V1JlzAcOiw%3D%3D,1 month ago,Buyerlink,https://www.linkedin.com/company/buyerlink?trk=public_jobs_jserp-result_job-search-card-subtitle,"American Fork, UT"
Backend Python Software Engineer,https://www.linkedin.com/jobs/view/backend-python-software-engineer-at-synergy-ecp-4181275829?position=10&pageNum=2&refId=9N8iIH5LxA3XXj%2FoD9oyGA%3D%3D&trackingId=ddyLmPOw6uaHlF7aj3jhQQ%3D%3D,3 days ago,Synergy ECP,https://www.linkedin.com/company/synergyecp?trk=public_jobs_jserp-result_job-search-card-subtitle,"Maryland, United States"
Senior Software Developer/Senior Python Developer,https://www.linkedin.com/jobs/view/senior-software-developer-senior-python-developer-at-vivio-a-public-benefit-corporation-4185385200?position=1&pageNum=5&refId=foFcXHvnpkDTsjmF4YbV9g%3D%3D&trackingId=WDHrKlRwqnDkGKsX%2FcETfQ%3D%3D,1 day ago,"VIVIO, a Public Benefit Corporation",https://www.linkedin.com/company/viviohealth?trk=public_jobs_jserp-result_job-search-card-subtitle,"Hayward, CA"
Python Engineer,https://www.linkedin.com/jobs/view/python-engineer-at-carvana-4141191613?position=2&pageNum=5&refId=foFcXHvnpkDTsjmF4YbV9g%3D%3D&trackingId=sO5CJWrloqaQw1Gqwak1hg%3D%3D,1 month ago,Carvana,https://www.linkedin.com/company/carvana?trk=public_jobs_jserp-result_job-search-card-subtitle,"Tempe, AZ"
ML Engineer/Data Scientist,https://www.linkedin.com/jobs/view/ml-engineer-data-scientist-at-adapty-io-4182968625?position=3&pageNum=5&refId=foFcXHvnpkDTsjmF4YbV9g%3D%3D&trackingId=OhaHnXUAMc59gNvFnx43Qw%3D%3D,3 days ago,Adapty.io,https://www.linkedin.com/company/adaptyio?trk=public_jobs_jserp-result_job-search-card-subtitle,United States
Python Developer,https://www.linkedin.com/jobs/view/python-developer-at-intepros-4178299973?position=4&pageNum=5&refId=foFcXHvnpkDTsjmF4YbV9g%3D%3D&trackingId=SbaNtIeh3Oo%2FRRqsNnR2pA%3D%3D,4 days ago,IntePros,https://www.linkedin.com/company/intepros?trk=public_jobs_jserp-result_job-search-card-subtitle,"Lake Mary, FL"
Data Analyst,https://www.linkedin.com/jobs/view/data-analyst-at-empiric-4182919547?position=5&pageNum=5&refId=foFcXHvnpkDTsjmF4YbV9g%3D%3D&trackingId=lP4apReksrudT1f%2Fn5CU0g%3D%3D,3 days ago,Empiric,https://uk.linkedin.com/company/empiric-solutions?trk=public_jobs_jserp-result_job-search-card-subtitle,San Francisco Bay Area
Software Engineer (Python/Java),https://www.linkedin.com/jobs/view/software-engineer-python-java-at-ascending-inc-4153420221?position=6&pageNum=5&refId=foFcXHvnpkDTsjmF4YbV9g%3D%3D&trackingId=Opr2PDuOTP%2BoAhgn7XMxTg%3D%3D,4 weeks ago,ASCENDING Inc.,https://www.linkedin.com/company/ascendingllc?trk=public_jobs_jserp-result_job-search-card-subtitle,"Fairfax, VA"
Analyst,https://www.linkedin.com/jobs/view/analyst-at-techop-solutions-international-4184836263?position=7&pageNum=5&refId=foFcXHvnpkDTsjmF4YbV9g%3D%3D&trackingId=bMSULTKHMZ5D%2FfZe2uV0pA%3D%3D,1 day ago,TechOp Solutions International,https://www.linkedin.com/company/techop-solutions-international?trk=public_jobs_jserp-result_job-search-card-subtitle,"Washington, DC"
Python Developer,https://www.linkedin.com/jobs/view/python-developer-at-allure-consultant-4147377234?position=8&pageNum=5&refId=foFcXHvnpkDTsjmF4YbV9g%3D%3D&trackingId=mbssgwfpdVuunpOm7iu34A%3D%3D,1 month ago,Allure Consultant,https://www.linkedin.com/company/allure-consultant?trk=public_jobs_jserp-result_job-search-card-subtitle,United States
Machine Learning Engineer,https://www.linkedin.com/jobs/view/machine-learning-engineer-at-dstillery-4184056905?position=9&pageNum=5&refId=foFcXHvnpkDTsjmF4YbV9g%3D%3D&trackingId=RGCY7xKE%2Bvyn9ICChBLL4g%3D%3D,2 days ago,Dstillery,https://www.linkedin.com/company/dstillery?trk=public_jobs_jserp-result_job-search-card-subtitle,"New York, NY"
Python Backend Developer (Day 1 Onsite),https://www.linkedin.com/jobs/view/python-backend-developer-day-1-onsite-at-it-engagements-inc-4157428021?position=10&pageNum=5&refId=foFcXHvnpkDTsjmF4YbV9g%3D%3D&trackingId=9QrqoJ8CKKlL03j1uHPM%2FQ%3D%3D,3 weeks ago,"IT Engagements, Inc.",https://www.linkedin.com/company/it-engagements-inc?trk=public_jobs_jserp-result_job-search-card-subtitle,"San Ramon, CA"
Python Developer [Job ID 20250225t],https://www.linkedin.com/jobs/view/python-developer-job-id-20250225t-at-phoenix-cyber-4168062944?position=1&pageNum=7&refId=V11YvgKgd6hNrl6zwGdxeA%3D%3D&trackingId=NHdZVGvG5kAoYymjtbn87A%3D%3D,2 weeks ago,Phoenix Cyber,https://www.linkedin.com/company/phoenixcyber?trk=public_jobs_jserp-result_job-search-card-subtitle,"Phoenix, AZ"
AI Engineer & Researcher - Post-training,https://www.linkedin.com/jobs/view/ai-engineer-researcher-post-training-at-xai-4186059616?position=2&pageNum=7&refId=V11YvgKgd6hNrl6zwGdxeA%3D%3D&trackingId=XwlowK%2BOR6x9AuLBDTKHjg%3D%3D,21 hours ago,xAI,https://www.linkedin.com/company/xai?trk=public_jobs_jserp-result_job-search-card-subtitle,"Palo Alto, CA"
Computational Biology Intern,https://www.linkedin.com/jobs/view/computational-biology-intern-at-egenesis-inc-4183879728?position=3&pageNum=7&refId=V11YvgKgd6hNrl6zwGdxeA%3D%3D&trackingId=YaOBYFehpxgmIKAIhO7EBw%3D%3D,2 days ago,"eGenesis, Inc.",https://www.linkedin.com/company/egenesisbio?trk=public_jobs_jserp-result_job-search-card-subtitle,"Cambridge, MA"
Python AI Engineer,https://www.linkedin.com/jobs/view/python-ai-engineer-at-agile-fuel-world-class-dedicated-engineering-teams-4184295023?position=4&pageNum=7&refId=V11YvgKgd6hNrl6zwGdxeA%3D%3D&trackingId=%2F5RHNcXfI%2FfRU%2Bt5NGX1JQ%3D%3D,2 days ago,Agile Fuel | World-class Dedicated Engineering Teams,https://www.linkedin.com/company/agile-fuel?trk=public_jobs_jserp-result_job-search-card-subtitle,"Mountain View, CA"
Open Application,https://www.linkedin.com/jobs/view/open-application-at-murmuration-4184817904?position=5&pageNum=7&refId=V11YvgKgd6hNrl6zwGdxeA%3D%3D&trackingId=tXFsqWoC%2FXBWFTFJvshKXA%3D%3D,1 day ago,murmuration,https://www.linkedin.com/company/murmurationinc?trk=public_jobs_jserp-result_job-search-card-subtitle,United States
AI/ML Engineer,https://www.linkedin.com/jobs/view/ai-ml-engineer-at-sidram-technologies-4184671542?position=6&pageNum=7&refId=V11YvgKgd6hNrl6zwGdxeA%3D%3D&trackingId=kqfN1YnOEmdCt8IdXcDNEA%3D%3D,1 day ago,SIDRAM TECHNOLOGIES,https://www.linkedin.com/company/sidram-tech?trk=public_jobs_jserp-result_job-search-card-subtitle,United States
Python Developer,https://www.linkedin.com/jobs/view/python-developer-at-care-it-services-inc-4178514514?position=7&pageNum=7&refId=V11YvgKgd6hNrl6zwGdxeA%3D%3D&trackingId=51fsS3lu%2FSuYiLg2aNKJYg%3D%3D,4 days ago,CARE IT Services Inc,https://www.linkedin.com/company/care-it-services-inc?trk=public_jobs_jserp-result_job-search-card-subtitle,"Matthews, NC"
Python Developer,https://www.linkedin.com/jobs/view/python-developer-at-genpact-4181930051?position=8&pageNum=7&refId=V11YvgKgd6hNrl6zwGdxeA%3D%3D&trackingId=kZwA1BONwcWx4SFYRzbf%2FQ%3D%3D,1 day ago,Genpact,https://www.linkedin.com/company/genpact?trk=public_jobs_jserp-result_job-search-card-subtitle,"Alpharetta, GA"
Full Time - Data Science Analyst,https://www.linkedin.com/jobs/view/full-time-data-science-analyst-at-themesoft-inc-4182965748?position=9&pageNum=7&refId=V11YvgKgd6hNrl6zwGdxeA%3D%3D&trackingId=MxIV8Kv2QqQczzAh7Hot6Q%3D%3D,3 days ago,Themesoft Inc.,https://www.linkedin.com/company/themesoft-inc.?trk=public_jobs_jserp-result_job-search-card-subtitle,"Mountain View, CA"
Python Developer,https://www.linkedin.com/jobs/view/python-developer-at-ltimindtree-4175870642?position=10&pageNum=7&refId=V11YvgKgd6hNrl6zwGdxeA%3D%3D&trackingId=nLbITG2aQrJMYfAL9q2%2BqQ%3D%3D,1 day ago,LTIMindtree,https://in.linkedin.com/company/ltimindtree?trk=public_jobs_jserp-result_job-search-card-subtitle,"Charlotte, NC"
Junior Full-Stack AI/ML Engineer,https://www.linkedin.com/jobs/view/junior-full-stack-ai-ml-engineer-at-pgls-4184631543?position=1&pageNum=10&refId=2uyKHToDGvLNml5uBSNNdQ%3D%3D&trackingId=MbzgN0Vo4xrMs2ES9sXmZw%3D%3D,2 days ago,PGLS,https://www.linkedin.com/company/pgls-inc?trk=public_jobs_jserp-result_job-search-card-subtitle,United States
"Python Developer @New York, NY; Alpharetta, GA; or Arlington, VA",https://www.linkedin.com/jobs/view/python-developer-%40new-york-ny-alpharetta-ga-or-arlington-va-at-it-minds-llc-4157955441?position=2&pageNum=10&refId=2uyKHToDGvLNml5uBSNNdQ%3D%3D&trackingId=c1rT7W9OQe0gdt2nDB8RDA%3D%3D,3 weeks ago,IT Minds LLC,https://www.linkedin.com/company/itminds-llc?trk=public_jobs_jserp-result_job-search-card-subtitle,"Alpharetta, GA"
Data Engineer with Python Coding,https://www.linkedin.com/jobs/view/data-engineer-with-python-coding-at-accroid-inc-4173145435?position=3&pageNum=10&refId=2uyKHToDGvLNml5uBSNNdQ%3D%3D&trackingId=Z1S9mkKUIMxLWt34lWmDXw%3D%3D,1 week ago,Accroid Inc,https://www.linkedin.com/company/accroid-inc?trk=public_jobs_jserp-result_job-search-card-subtitle,"Nashville, TN"
Python Developer,https://www.linkedin.com/jobs/view/python-developer-at-ltimindtree-4161994567?position=4&pageNum=10&refId=2uyKHToDGvLNml5uBSNNdQ%3D%3D&trackingId=JYMYfDHqCqWSv%2BmR0JCBNQ%3D%3D,2 weeks ago,LTIMindtree,https://in.linkedin.com/company/ltimindtree?trk=public_jobs_jserp-result_job-search-card-subtitle,"Irving, TX"
AI Backend Developer,https://www.linkedin.com/jobs/view/ai-backend-developer-at-petadata-4184032812?position=5&pageNum=10&refId=2uyKHToDGvLNml5uBSNNdQ%3D%3D&trackingId=y%2FA90XopeOk0yWB6ShQB4Q%3D%3D,2 days ago,PETADATA,https://www.linkedin.com/company/petadata?trk=public_jobs_jserp-result_job-search-card-subtitle,"San Francisco, CA"
Research Analyst Intern- Data Analytics,https://www.linkedin.com/jobs/view/research-analyst-intern-data-analytics-at-bainbridge-4186194044?position=6&pageNum=10&refId=2uyKHToDGvLNml5uBSNNdQ%3D%3D&trackingId=NdqXatTXlkpnxckDhrZXuQ%3D%3D,11 hours ago,Bainbridge,https://www.linkedin.com/company/bainbridge?trk=public_jobs_jserp-result_job-search-card-subtitle,United States
Python Developer,https://www.linkedin.com/jobs/view/python-developer-at-optimis-tech-4179194115?position=7&pageNum=10&refId=2uyKHToDGvLNml5uBSNNdQ%3D%3D&trackingId=uYhhj%2Fu83o63wX0Z8MKozw%3D%3D,1 week ago,Optimis Tech,https://uk.linkedin.com/company/optimis-tech?trk=public_jobs_jserp-result_job-search-card-subtitle,United States
Python Training And Placement,https://www.linkedin.com/jobs/view/python-training-and-placement-at-agap-technologies-inc-4173111957?position=8&pageNum=10&refId=2uyKHToDGvLNml5uBSNNdQ%3D%3D&trackingId=oy2QGGHeYapz3XNJk1Tvpw%3D%3D,1 week ago,AGAP Technologies Inc,https://www.linkedin.com/company/agap-technologies-inc?trk=public_jobs_jserp-result_job-search-card-subtitle,"Aurora, IL"
Healthcare Data Analyst,https://www.linkedin.com/jobs/view/healthcare-data-analyst-at-safelyyou-4184283235?position=9&pageNum=10&refId=2uyKHToDGvLNml5uBSNNdQ%3D%3D&trackingId=%2FE%2F9k1SeM6ttos0N7adhGQ%3D%3D,2 days ago,SafelyYou,https://www.linkedin.com/company/safelyyou?trk=public_jobs_jserp-result_job-search-card-subtitle,"San Francisco, CA"
Data Reporting Analyst,https://www.linkedin.com/jobs/view/data-reporting-analyst-at-ascending-inc-4183174931?position=10&pageNum=10&refId=2uyKHToDGvLNml5uBSNNdQ%3D%3D&trackingId=G%2Bfx848hjqDcqUuM%2FCIKIQ%3D%3D,3 days ago,ASCENDING Inc.,https://www.linkedin.com/company/ascendingllc?trk=public_jobs_jserp-result_job-search-card-subtitle,"Richmond, VA"
Data Scientist,https://www.linkedin.com/jobs/view/data-scientist-at-bespoke-technologies-inc-4184063660?position=1&pageNum=12&refId=Q5tDS%2Bn6eqxGKzI9ILb4bA%3D%3D&trackingId=mroanOTwtHMkGD7e7shGgQ%3D%3D,2 days ago,"Bespoke Technologies, Inc.",https://www.linkedin.com/company/bespoketechinc?trk=public_jobs_jserp-result_job-search-card-subtitle,"Bethesda, MD"
Python/ML Developer,https://www.linkedin.com/jobs/view/python-ml-developer-at-newscape-consulting-4162712986?position=2&pageNum=12&refId=Q5tDS%2Bn6eqxGKzI9ILb4bA%3D%3D&trackingId=SzlLgjkarY2AdKEKn5AWgQ%3D%3D,2 weeks ago,Newscape Consulting,https://www.linkedin.com/company/newscapeconsulting?trk=public_jobs_jserp-result_job-search-card-subtitle,"Bound Brook, NJ"
Chief Technology Officer (CTO),https://www.linkedin.com/jobs/view/chief-technology-officer-cto-at-dandelion-chocolate-4183180437?position=3&pageNum=12&refId=Q5tDS%2Bn6eqxGKzI9ILb4bA%3D%3D&trackingId=oHTVsIwndVp%2FovXsNG9DDQ%3D%3D,3 days ago,Dandelion Chocolate,https://www.linkedin.com/company/dandelion-chocolate?trk=public_jobs_jserp-result_job-search-card-subtitle,"San Francisco, CA"
Python Developer,https://www.linkedin.com/jobs/view/python-developer-at-triune-infomatics-inc-4182636125?position=4&pageNum=12&refId=Q5tDS%2Bn6eqxGKzI9ILb4bA%3D%3D&trackingId=%2FeP%2BjRpTQ2YRd5e4gDY0XQ%3D%3D,1 day ago,Triune Infomatics Inc,https://www.linkedin.com/company/triune-infomatics-inc?trk=public_jobs_jserp-result_job-search-card-subtitle,United States
Python Developer,https://www.linkedin.com/jobs/view/python-developer-at-beaconfire-inc-4173594022?position=5&pageNum=12&refId=Q5tDS%2Bn6eqxGKzI9ILb4bA%3D%3D&trackingId=QFvVIbjFCWEc4E4FjcmbYA%3D%3D,5 days ago,BeaconFire Inc.,https://www.linkedin.com/company/beaconfireinc?trk=public_jobs_jserp-result_job-search-card-subtitle,"New Jersey, United States"
"Software Engineer, New College Grad - 2025",https://www.linkedin.com/jobs/view/software-engineer-new-college-grad-2025-at-visa-4183554187?position=6&pageNum=12&refId=Q5tDS%2Bn6eqxGKzI9ILb4bA%3D%3D&trackingId=FIRZaaV%2FvvTgk%2Bfg9wTu8A%3D%3D,3 days ago,Visa,https://www.linkedin.com/company/visa?trk=public_jobs_jserp-result_job-search-card-subtitle,"Foster City, CA"
Senior Python Lead,https://www.linkedin.com/jobs/view/senior-python-lead-at-ds-technologies-inc-4184083878?position=7&pageNum=12&refId=Q5tDS%2Bn6eqxGKzI9ILb4bA%3D%3D&trackingId=QgkMrVQPdQO2IDgV8EUnEg%3D%3D,2 days ago,DS Technologies Inc,https://www.linkedin.com/company/ds-technologies-inc-america?trk=public_jobs_jserp-result_job-search-card-subtitle,"Santa Clara, CA"
"2025 Summer Intern, Investments",https://www.linkedin.com/jobs/view/2025-summer-intern-investments-at-madison-energy-infrastructure-4184863033?position=8&pageNum=12&refId=Q5tDS%2Bn6eqxGKzI9ILb4bA%3D%3D&trackingId=nncrSwG%2BCn1rfPb%2BnOXOrg%3D%3D,1 day ago,Madison Energy Infrastructure,https://www.linkedin.com/company/madison-energy-infrastructure?trk=public_jobs_jserp-result_job-search-card-subtitle,"New York, NY"
"ML, Python, and Databricks",https://www.linkedin.com/jobs/view/ml-python-and-databricks-at-genpact-4180669878?position=9&pageNum=12&refId=Q5tDS%2Bn6eqxGKzI9ILb4bA%3D%3D&trackingId=ZV0xsOVbKcQn07OOBZpwwA%3D%3D,2 days ago,Genpact,https://www.linkedin.com/company/genpact?trk=public_jobs_jserp-result_job-search-card-subtitle,New York City Metropolitan Area
Python Developer,https://www.linkedin.com/jobs/view/python-developer-at-halr-tech-group-4176300137?position=10&pageNum=12&refId=Q5tDS%2Bn6eqxGKzI9ILb4bA%3D%3D&trackingId=Cccoqxk5FalmZjg3HMmd0w%3D%3D,1 week ago,Halr Tech Group,https://uk.linkedin.com/company/halr-tech-group?trk=public_jobs_jserp-result_job-search-card-subtitle,United States
Python Developer – Rest API & Capital Markets,https://www.linkedin.com/jobs/view/python-developer-%E2%80%93-rest-api-capital-markets-at-edvenswa-enterprises-4182990758?position=1&pageNum=15&refId=0fkOFzO0CmDRISr0IPbRNw%3D%3D&trackingId=Jyqoy9NK4DlMZCKK3whkTg%3D%3D,3 days ago,Edvenswa Enterprises,https://in.linkedin.com/company/edvenswa?trk=public_jobs_jserp-result_job-search-card-subtitle,"Charlotte, NC"
Backend Engineer,https://www.linkedin.com/jobs/view/backend-engineer-at-tagup-inc-4184356627?position=2&pageNum=15&refId=0fkOFzO0CmDRISr0IPbRNw%3D%3D&trackingId=2aBOXEBp1XoCqGXv58Jp3A%3D%3D,3 weeks ago,"Tagup, Inc.",https://www.linkedin.com/company/tagup?trk=public_jobs_jserp-result_job-search-card-subtitle,"Boston, MA"
Python Developer,https://www.linkedin.com/jobs/view/python-developer-at-dexian-4174892090?position=3&pageNum=15&refId=0fkOFzO0CmDRISr0IPbRNw%3D%3D&trackingId=UQUYadfU8G%2Bi2OIwtOeyFA%3D%3D,1 week ago,Dexian,https://www.linkedin.com/company/dexiansolutions?trk=public_jobs_jserp-result_job-search-card-subtitle,"Charlotte, NC"
"Python Cloud Software Engineer in Nashville, TN",https://www.linkedin.com/jobs/view/python-cloud-software-engineer-in-nashville-tn-at-largeton-group-4169951118?position=4&pageNum=15&refId=0fkOFzO0CmDRISr0IPbRNw%3D%3D&trackingId=Dkj34giuPoAlpz2o8W4JTA%3D%3D,2 weeks ago,Largeton Group,https://www.linkedin.com/company/largeton-inc?trk=public_jobs_jserp-result_job-search-card-subtitle,"Nashville, TN"
"Intern, Machine Learning & AI",https://www.linkedin.com/jobs/view/intern-machine-learning-ai-at-planet-4184283860?position=5&pageNum=15&refId=0fkOFzO0CmDRISr0IPbRNw%3D%3D&trackingId=HqzpeV0NZtdTqM%2Bugrjorg%3D%3D,2 days ago,Planet,https://www.linkedin.com/company/planet-labs?trk=public_jobs_jserp-result_job-search-card-subtitle,"San Francisco, CA"
Math Tutoring - Flexible Hours,https://www.linkedin.com/jobs/view/math-tutoring-flexible-hours-at-outlier-4183051396?position=6&pageNum=15&refId=0fkOFzO0CmDRISr0IPbRNw%3D%3D&trackingId=n6WcpIb3w3t02KWC2o6khg%3D%3D,1 hour ago,Outlier,https://www.linkedin.com/company/try-outlier?trk=public_jobs_jserp-result_job-search-card-subtitle,"Montana, United States"
Python Developer,https://www.linkedin.com/jobs/view/python-developer-at-spark-tek-inc-4182452964?position=7&pageNum=15&refId=0fkOFzO0CmDRISr0IPbRNw%3D%3D&trackingId=YjCQSzCXHXn3IBPhZJQ1mA%3D%3D,4 days ago,Spark Tek Inc,https://www.linkedin.com/company/spark-tek-inc?trk=public_jobs_jserp-result_job-search-card-subtitle,"San Jose, CA"
Data Analyst,https://www.linkedin.com/jobs/view/data-analyst-at-stelvio-group-4183884933?position=8&pageNum=15&refId=0fkOFzO0CmDRISr0IPbRNw%3D%3D&trackingId=smiM5vkeinjWCDs%2BuWj8HA%3D%3D,2 days ago,Stelvio Group,https://www.linkedin.com/company/stelvio-group?trk=public_jobs_jserp-result_job-search-card-subtitle,"Pennsylvania, United States"
Molecular Biology Data Scientist,https://www.linkedin.com/jobs/view/molecular-biology-data-scientist-at-the-fountain-group-4184820821?position=9&pageNum=15&refId=0fkOFzO0CmDRISr0IPbRNw%3D%3D&trackingId=VSHM4jGSa9dBGOESrXPuNw%3D%3D,1 day ago,The Fountain Group,https://www.linkedin.com/company/the-fountain-group?trk=public_jobs_jserp-result_job-search-card-subtitle,"Waltham, MA"
"Software Engineer (Python), Data Platform",https://www.linkedin.com/jobs/view/software-engineer-python-data-platform-at-doximity-4130668631?position=10&pageNum=15&refId=0fkOFzO0CmDRISr0IPbRNw%3D%3D&trackingId=6mq2h%2BR%2FTd7kSw5Hcqdq6w%3D%3D,1 month ago,Doximity,https://www.linkedin.com/company/doximity?trk=public_jobs_jserp-result_job-search-card-subtitle,"Arizona City, AZ"
Python Developer,https://www.linkedin.com/jobs/view/python-developer-at-chasesource-lp-4175200320?position=1&pageNum=17&refId=GIJtgm5T1atuaQPquShasg%3D%3D&trackingId=m0BAT%2BHCxzrrbs7XxhdbjQ%3D%3D,1 week ago,"ChaseSource, LP",https://www.linkedin.com/company/chasesource?trk=public_jobs_jserp-result_job-search-card-subtitle,United States
Senior Data Scientist (AI & ML Expert),https://www.linkedin.com/jobs/view/senior-data-scientist-ai-ml-expert-at-novisync-inc-4186176316?position=2&pageNum=17&refId=GIJtgm5T1atuaQPquShasg%3D%3D&trackingId=TncFLJk7B%2B1yQBl0xjrgMQ%3D%3D,15 hours ago,"Novisync, Inc",https://www.linkedin.com/company/novisync?trk=public_jobs_jserp-result_job-search-card-subtitle,"Dallas, TX"
Math Tutoring - Flexible Hours,https://www.linkedin.com/jobs/view/math-tutoring-flexible-hours-at-outlier-4183036213?position=3&pageNum=17&refId=GIJtgm5T1atuaQPquShasg%3D%3D&trackingId=s%2BhoC8KJSWaBmXFQtfGLaw%3D%3D,2 hours ago,Outlier,https://www.linkedin.com/company/try-outlier?trk=public_jobs_jserp-result_job-search-card-subtitle,"Tallahassee, FL"
Software Developer - Growth,https://www.linkedin.com/jobs/view/software-developer-growth-at-hone-health-4185059101?position=4&pageNum=17&refId=GIJtgm5T1atuaQPquShasg%3D%3D&trackingId=WiT3%2FL7XhYBxWai%2Fswzetw%3D%3D,1 day ago,Hone Health,https://www.linkedin.com/company/honeyourhealth?trk=public_jobs_jserp-result_job-search-card-subtitle,"New York, NY"
Python Developer,https://www.linkedin.com/jobs/view/python-developer-at-bespoke-technologies-inc-4169191328?position=5&pageNum=17&refId=GIJtgm5T1atuaQPquShasg%3D%3D&trackingId=AfzndfXfpjyiYKeIftbgcw%3D%3D,1 week ago,"Bespoke Technologies, Inc.",https://www.linkedin.com/company/bespoketechinc?trk=public_jobs_jserp-result_job-search-card-subtitle,"Chantilly, VA"
Python Developer,https://www.linkedin.com/jobs/view/python-developer-at-nask-incorporated-4167165497?position=6&pageNum=17&refId=GIJtgm5T1atuaQPquShasg%3D%3D&trackingId=IETLaI2ms1ZebP7Y6eJVSg%3D%3D,1 month ago,NASK Incorporated,https://www.linkedin.com/company/n-ask?trk=public_jobs_jserp-result_job-search-card-subtitle,"Fairfax, VA"
Math Tutoring - Onboarding Now,https://www.linkedin.com/jobs/view/math-tutoring-onboarding-now-at-outlier-4183036238?position=7&pageNum=17&refId=GIJtgm5T1atuaQPquShasg%3D%3D&trackingId=pA1gqnuFx1fpJMAJ%2FrMzVw%3D%3D,2 hours ago,Outlier,https://www.linkedin.com/company/try-outlier?trk=public_jobs_jserp-result_job-search-card-subtitle,"Philadelphia, PA"
Machine Learning Engineer with Generative AI,https://www.linkedin.com/jobs/view/machine-learning-engineer-with-generative-ai-at-petadata-4184035429?position=8&pageNum=17&refId=GIJtgm5T1atuaQPquShasg%3D%3D&trackingId=WFjbChLVNUxMqdV4qvEX1g%3D%3D,2 days ago,PETADATA,https://www.linkedin.com/company/petadata?trk=public_jobs_jserp-result_job-search-card-subtitle,"Las Vegas, NV"
"Analyst, Demand Generation Performance",https://www.linkedin.com/jobs/view/analyst-demand-generation-performance-at-freshworks-4183855403?position=9&pageNum=17&refId=GIJtgm5T1atuaQPquShasg%3D%3D&trackingId=pBepdqrPw0mEnf5q1EAI%2Fw%3D%3D,3 days ago,Freshworks,https://www.linkedin.com/company/freshworks-inc?trk=public_jobs_jserp-result_job-search-card-subtitle,"San Mateo, CA"
Math Tutoring - Onboarding Now,https://www.linkedin.com/jobs/view/math-tutoring-onboarding-now-at-outlier-4183048694?position=10&pageNum=17&refId=GIJtgm5T1atuaQPquShasg%3D%3D&trackingId=wK5kGquo7QL%2Fn4q7uRBtFA%3D%3D,1 hour ago,Outlier,https://www.linkedin.com/company/try-outlier?trk=public_jobs_jserp-result_job-search-card-subtitle,"Augusta, GA"
Commercial Analyst,https://www.linkedin.com/jobs/view/commercial-analyst-at-youlend-4184617350?position=1&pageNum=20&refId=72nlQuqqSj3Jace1uW3dog%3D%3D&trackingId=4QiLrT9JkZ4ufDam%2BJ%2B93Q%3D%3D,2 days ago,YouLend,https://uk.linkedin.com/company/youlend?trk=public_jobs_jserp-result_job-search-card-subtitle,"Atlanta, GA"
Data Analysis Intern – Sales,https://www.linkedin.com/jobs/view/data-analysis-intern-%E2%80%93-sales-at-hp-4183602656?position=2&pageNum=20&refId=72nlQuqqSj3Jace1uW3dog%3D%3D&trackingId=LB66gSVQD%2Fv7PGPdS%2BzMuQ%3D%3D,3 days ago,HP,https://www.linkedin.com/company/hp?trk=public_jobs_jserp-result_job-search-card-subtitle,"Spring, TX"
Math Tutoring - Onboarding Now,https://www.linkedin.com/jobs/view/math-tutoring-onboarding-now-at-outlier-4183042563?position=3&pageNum=20&refId=72nlQuqqSj3Jace1uW3dog%3D%3D&trackingId=weNRCMXR9PaF2TKojJrS7A%3D%3D,1 hour ago,Outlier,https://www.linkedin.com/company/try-outlier?trk=public_jobs_jserp-result_job-search-card-subtitle,"Irving, TX"
Math Tutoring - Onboarding Now,https://www.linkedin.com/jobs/view/math-tutoring-onboarding-now-at-outlier-4183053977?position=4&pageNum=20&refId=72nlQuqqSj3Jace1uW3dog%3D%3D&trackingId=DSkwqKSfLzr9C0ff3zhPkA%3D%3D,1 hour ago,Outlier,https://www.linkedin.com/company/try-outlier?trk=public_jobs_jserp-result_job-search-card-subtitle,"Garland, TX"
Python/SDR SWE- Satellite Systems,https://www.linkedin.com/jobs/view/python-sdr-swe-satellite-systems-at-lockheed-martin-4157208109?position=5&pageNum=20&refId=72nlQuqqSj3Jace1uW3dog%3D%3D&trackingId=ag7cKF8SjK7OzEYYGKj7CQ%3D%3D,1 month ago,Lockheed Martin,https://www.linkedin.com/company/lockheed-martin?trk=public_jobs_jserp-result_job-search-card-subtitle,"Fort Meade, MD"
Python/SQL Data Tester,https://www.linkedin.com/jobs/view/python-sql-data-tester-at-dexian-4173007691?position=6&pageNum=20&refId=72nlQuqqSj3Jace1uW3dog%3D%3D&trackingId=xIQYsW9Ue4Ak6s3LVaZR4w%3D%3D,1 week ago,Dexian,https://www.linkedin.com/company/dexiansolutions?trk=public_jobs_jserp-result_job-search-card-subtitle,"Charlotte, NC"
"Software Engineer (C++, Python)",https://www.linkedin.com/jobs/view/software-engineer-c%2B%2B-python-at-corning-incorporated-4157203365?position=7&pageNum=20&refId=72nlQuqqSj3Jace1uW3dog%3D%3D&trackingId=U%2BLTLN0BD2281vCh%2F9PUNQ%3D%3D,3 weeks ago,Corning Incorporated,https://www.linkedin.com/company/corning-incorporated?trk=public_jobs_jserp-result_job-search-card-subtitle,"Fairport, NY"
Math Tutoring - Flexible Hours,https://www.linkedin.com/jobs/view/math-tutoring-flexible-hours-at-outlier-4183037753?position=8&pageNum=20&refId=72nlQuqqSj3Jace1uW3dog%3D%3D&trackingId=9q13JAqmgZZfpQnQ2d1beg%3D%3D,1 hour ago,Outlier,https://www.linkedin.com/company/try-outlier?trk=public_jobs_jserp-result_job-search-card-subtitle,"Fort Worth, TX"
Software Engineer,https://www.linkedin.com/jobs/view/software-engineer-at-science-4185052866?position=9&pageNum=20&refId=72nlQuqqSj3Jace1uW3dog%3D%3D&trackingId=aVwzQXx7B5DPDbfofce9Pg%3D%3D,1 day ago,Science,https://www.linkedin.com/company/sciencecorporation?trk=public_jobs_jserp-result_job-search-card-subtitle,"Alameda, CA"
Data Engineer/Python Ardhitect,https://www.linkedin.com/jobs/view/data-engineer-python-ardhitect-at-it-minds-llc-4186077372?position=10&pageNum=20&refId=72nlQuqqSj3Jace1uW3dog%3D%3D&trackingId=ziJlwkboFIVXdFiw8dPkHw%3D%3D,18 hours ago,IT Minds LLC,https://www.linkedin.com/company/itminds-llc?trk=public_jobs_jserp-result_job-search-card-subtitle,"California, United States"
Python Developer,https://www.linkedin.com/jobs/view/python-developer-at-ness-digital-engineering-4169570073?position=1&pageNum=22&refId=gTdELYydEv908uyFfNC8Gg%3D%3D&trackingId=erDrqpZLD4G0iqN%2FggJ7JA%3D%3D,2 weeks ago,Ness Digital Engineering,https://www.linkedin.com/company/ness-ses?trk=public_jobs_jserp-result_job-search-card-subtitle,New York City Metropolitan Area
Math Tutoring - Onboarding Now,https://www.linkedin.com/jobs/view/math-tutoring-onboarding-now-at-outlier-4183045974?position=2&pageNum=22&refId=gTdELYydEv908uyFfNC8Gg%3D%3D&trackingId=GFp5HKifwW95XbkDWiijmg%3D%3D,1 hour ago,Outlier,https://www.linkedin.com/company/try-outlier?trk=public_jobs_jserp-result_job-search-card-subtitle,"Denver, CO"
Math Tutoring - Flexible Hours,https://www.linkedin.com/jobs/view/math-tutoring-flexible-hours-at-outlier-4183045604?position=3&pageNum=22&refId=gTdELYydEv908uyFfNC8Gg%3D%3D&trackingId=UkXIem3WIPZhvPScI9EVOQ%3D%3D,1 hour ago,Outlier,https://www.linkedin.com/company/try-outlier?trk=public_jobs_jserp-result_job-search-card-subtitle,"Lubbock, TX"
Python Developer,https://www.linkedin.com/jobs/view/python-developer-at-bcforward-4184881847?position=4&pageNum=22&refId=gTdELYydEv908uyFfNC8Gg%3D%3D&trackingId=jX9YF%2BE3MEEIehc0wEsRHQ%3D%3D,1 day ago,BCforward,https://www.linkedin.com/company/bcforward?trk=public_jobs_jserp-result_job-search-card-subtitle,"Jersey City, NJ"
Python Developer,https://www.linkedin.com/jobs/view/python-developer-at-iris-software-inc-4181584049?position=5&pageNum=22&refId=gTdELYydEv908uyFfNC8Gg%3D%3D&trackingId=8rYnUCg3u7nclWT8IRFBJQ%3D%3D,2 days ago,Iris Software Inc.,https://www.linkedin.com/company/iris-software-inc.?trk=public_jobs_jserp-result_job-search-card-subtitle,"Jersey City, NJ"
Support Engineer I,https://www.linkedin.com/jobs/view/support-engineer-i-at-panopto-4184286013?position=6&pageNum=22&refId=gTdELYydEv908uyFfNC8Gg%3D%3D&trackingId=WXVIlBA4cQivQag3mep%2BaA%3D%3D,2 days ago,Panopto,https://www.linkedin.com/company/panopto?trk=public_jobs_jserp-result_job-search-card-subtitle,United States
Python Lead,https://www.linkedin.com/jobs/view/python-lead-at-capgemini-4174522595?position=7&pageNum=22&refId=gTdELYydEv908uyFfNC8Gg%3D%3D&trackingId=38JLUBOm8iE%2Fpg0UbDQ5sg%3D%3D,1 week ago,Capgemini,https://fr.linkedin.com/company/capgemini?trk=public_jobs_jserp-result_job-search-card-subtitle,"Pennsylvania, United States"
Manager - Business Analytics,https://www.linkedin.com/jobs/view/manager-business-analytics-at-dsi-4184035716?position=8&pageNum=22&refId=gTdELYydEv908uyFfNC8Gg%3D%3D&trackingId=FHOLc2BbsaY1WEBqexAfDA%3D%3D,2 days ago,DSI,https://www.linkedin.com/company/dsi-systems-inc-?trk=public_jobs_jserp-result_job-search-card-subtitle,"Richardson, TX"
Math Tutoring - Onboarding Now,https://www.linkedin.com/jobs/view/math-tutoring-onboarding-now-at-outlier-4183052332?position=9&pageNum=22&refId=gTdELYydEv908uyFfNC8Gg%3D%3D&trackingId=39LRPS9vKwNvFmKURbliZw%3D%3D,1 hour ago,Outlier,https://www.linkedin.com/company/try-outlier?trk=public_jobs_jserp-result_job-search-card-subtitle,"Marietta, GA"
Python Developer,https://www.linkedin.com/jobs/view/python-developer-at-gaper-io-generative-ai-custom-llm-solutions-4164545535?position=10&pageNum=22&refId=gTdELYydEv908uyFfNC8Gg%3D%3D&trackingId=5Z4wxC%2BSSug4hhRmlRYSoQ%3D%3D,2 weeks ago,Gaper.io - Generative AI & Custom LLM Solutions,https://www.linkedin.com/company/gaper?trk=public_jobs_jserp-result_job-search-card-subtitle,"San Mateo, CA"
Data Analyst,https://www.linkedin.com/jobs/view/data-analyst-at-brickred-systems-4184299004?position=1&pageNum=25&refId=mnqC7Fgj9uaKNwbkZ1B3cA%3D%3D&trackingId=4jVQDuYrRghqF6JtfJHr%2BA%3D%3D,2 days ago,BrickRed Systems,https://www.linkedin.com/company/brickred-systems?trk=public_jobs_jserp-result_job-search-card-subtitle,"Salem, OR"
Application Developer (Python),https://www.linkedin.com/jobs/view/application-developer-python-at-ledgent-technology-4173407535?position=2&pageNum=25&refId=mnqC7Fgj9uaKNwbkZ1B3cA%3D%3D&trackingId=DeSRViSjdgMhyic4Gto5rQ%3D%3D,1 week ago,Ledgent Technology,https://www.linkedin.com/company/ledgent-technology?trk=public_jobs_jserp-result_job-search-card-subtitle,"Los Angeles County, CA"
Python Developer,https://www.linkedin.com/jobs/view/python-developer-at-bcforward-4184881847?position=3&pageNum=25&refId=mnqC7Fgj9uaKNwbkZ1B3cA%3D%3D&trackingId=o4VhGV%2BY9TlXJMSOZSif8A%3D%3D,1 day ago,BCforward,https://www.linkedin.com/company/bcforward?trk=public_jobs_jserp-result_job-search-card-subtitle,"Jersey City, NJ"
Lead Python Developer,https://www.linkedin.com/jobs/view/lead-python-developer-at-nymbus-4183886449?position=4&pageNum=25&refId=mnqC7Fgj9uaKNwbkZ1B3cA%3D%3D&trackingId=C4VRSjOJFx3C4Ls989hkPQ%3D%3D,2 days ago,Nymbus,https://www.linkedin.com/company/nymbus?trk=public_jobs_jserp-result_job-search-card-subtitle,United States
Python Developer,https://www.linkedin.com/jobs/view/python-developer-at-inspyr-solutions-4182974114?position=5&pageNum=25&refId=mnqC7Fgj9uaKNwbkZ1B3cA%3D%3D&trackingId=y%2Fzj7lOHJUBjkioXqmSv2Q%3D%3D,3 days ago,INSPYR Solutions,https://www.linkedin.com/company/inspyrsolutions?trk=public_jobs_jserp-result_job-search-card-subtitle,"Sunnyvale, CA"
Data Analyst,https://www.linkedin.com/jobs/view/data-analyst-at-timedoc-health-4186075967?position=6&pageNum=25&refId=mnqC7Fgj9uaKNwbkZ1B3cA%3D%3D&trackingId=O8%2BAuPqDv6nfgG3jwT2tVA%3D%3D,17 hours ago,TimeDoc Health,https://www.linkedin.com/company/timedoc?trk=public_jobs_jserp-result_job-search-card-subtitle,"McLean, VA"
Associate Data Scientist,https://www.linkedin.com/jobs/view/associate-data-scientist-at-rainbow-babies-and-children-s-hospital-4185046523?position=7&pageNum=25&refId=mnqC7Fgj9uaKNwbkZ1B3cA%3D%3D&trackingId=Phc3oMuam7qeHh77OSLPQg%3D%3D,2 days ago,Rainbow Babies and Children's Hospital,https://www.linkedin.com/company/rainbow-babies-and-children's-hospital?trk=public_jobs_jserp-result_job-search-card-subtitle,"Cleveland, OH"
Python Developer,https://www.linkedin.com/jobs/view/python-developer-at-ns2-mission-4169026134?position=8&pageNum=25&refId=mnqC7Fgj9uaKNwbkZ1B3cA%3D%3D&trackingId=dXpC2xg2B8Th3G62H%2BDHDg%3D%3D,2 weeks ago,NS2 Mission,https://www.linkedin.com/company/ns2mission?trk=public_jobs_jserp-result_job-search-card-subtitle,"Chantilly, VA"
"Data Scientist, YouTube Search",https://www.linkedin.com/jobs/view/data-scientist-youtube-search-at-google-4184342707?position=9&pageNum=25&refId=mnqC7Fgj9uaKNwbkZ1B3cA%3D%3D&trackingId=Wm1u%2Fd7UlAltBn2vE%2BqS%2BA%3D%3D,2 days ago,Google,https://www.linkedin.com/company/google?trk=public_jobs_jserp-result_job-search-card-subtitle,"San Bruno, CA"
Python Data Engineer,https://www.linkedin.com/jobs/view/python-data-engineer-at-lensa-4183770914?position=10&pageNum=25&refId=mnqC7Fgj9uaKNwbkZ1B3cA%3D%3D&trackingId=6bhexnQl%2B4%2FjO1eiD8Unjw%3D%3D,3 hours ago,Lensa,https://www.linkedin.com/company/lensa?trk=public_jobs_jserp-result_job-search-card-subtitle,"Chicago, IL"
Senior Analyst,https://www.linkedin.com/jobs/view/senior-analyst-at-techop-solutions-international-4184835821?position=1&pageNum=27&refId=WLlWbyPingTExJHmRDLnvQ%3D%3D&trackingId=LlFSpPwtctzHHqC4MxXsFQ%3D%3D,1 day ago,TechOp Solutions International,https://www.linkedin.com/company/techop-solutions-international?trk=public_jobs_jserp-result_job-search-card-subtitle,"Washington, DC"
Math Tutoring - Onboarding Now,https://www.linkedin.com/jobs/view/math-tutoring-onboarding-now-at-outlier-4183036238?position=2&pageNum=27&refId=WLlWbyPingTExJHmRDLnvQ%3D%3D&trackingId=OSkHSyt4UGrfq0nQwmwjjA%3D%3D,2 hours ago,Outlier,https://www.linkedin.com/company/try-outlier?trk=public_jobs_jserp-result_job-search-card-subtitle,"Philadelphia, PA"
Machine Learning (ML) Scientist,https://www.linkedin.com/jobs/view/machine-learning-ml-scientist-at-attis-4184641418?position=3&pageNum=27&refId=WLlWbyPingTExJHmRDLnvQ%3D%3D&trackingId=8Tb8bZNbuBjpiPLk%2FdqbJw%3D%3D,2 days ago,Attis,https://uk.linkedin.com/company/attisglobal?trk=public_jobs_jserp-result_job-search-card-subtitle,"Boston, MA"
Python Engineer_only on W2,https://www.linkedin.com/jobs/view/python-engineer-only-on-w2-at-chelsoft-solutions-co-4172091655?position=4&pageNum=27&refId=WLlWbyPingTExJHmRDLnvQ%3D%3D&trackingId=c1E5%2BLHwNwVvglXIrtT4kg%3D%3D,1 week ago,Chelsoft Solutions Co.,https://www.linkedin.com/company/chelsoft-solutions-co?trk=public_jobs_jserp-result_job-search-card-subtitle,"Costa Mesa, CA"
Business Analyst,https://www.linkedin.com/jobs/view/business-analyst-at-hiretalent-staffing-recruiting-firm-4183136518?position=5&pageNum=27&refId=WLlWbyPingTExJHmRDLnvQ%3D%3D&trackingId=7kPCICZoVf%2Fy3FPNXbJugA%3D%3D,3 days ago,HireTalent - Staffing & Recruiting Firm,https://www.linkedin.com/company/hiretalent_?trk=public_jobs_jserp-result_job-search-card-subtitle,United States
Software Engineer - Full Stack,https://www.linkedin.com/jobs/view/software-engineer-full-stack-at-approach-venture-4184283200?position=6&pageNum=27&refId=WLlWbyPingTExJHmRDLnvQ%3D%3D&trackingId=QKEU%2FcGTJDW16Flqy0yKeg%3D%3D,2 days ago,Approach Venture,https://www.linkedin.com/company/approach-venture?trk=public_jobs_jserp-result_job-search-card-subtitle,"Los Angeles, CA"
Python Developer,https://www.linkedin.com/jobs/view/python-developer-at-beaconfire-inc-4150686223?position=7&pageNum=27&refId=WLlWbyPingTExJHmRDLnvQ%3D%3D&trackingId=So4UbDyoI7IzoWDxpjF1GA%3D%3D,4 weeks ago,BeaconFire Inc.,https://www.linkedin.com/company/beaconfireinc?trk=public_jobs_jserp-result_job-search-card-subtitle,"East Windsor, NJ"
"Open Source Engineer, Python",https://www.linkedin.com/jobs/view/open-source-engineer-python-at-llamaindex-4150429277?position=8&pageNum=27&refId=WLlWbyPingTExJHmRDLnvQ%3D%3D&trackingId=53pvMPrvlIqFBtLm%2Bibr8A%3D%3D,1 month ago,LlamaIndex,https://www.linkedin.com/company/llamaindex?trk=public_jobs_jserp-result_job-search-card-subtitle,United States
Bioinformatics Scientist (Python),https://www.linkedin.com/jobs/view/bioinformatics-scientist-python-at-redbrick-staffing-4182695849?position=9&pageNum=27&refId=WLlWbyPingTExJHmRDLnvQ%3D%3D&trackingId=4cIdZ7EAvPE6WR8qvgEKkA%3D%3D,1 day ago,RedBrick Staffing,https://www.linkedin.com/company/redbrick-staffing?trk=public_jobs_jserp-result_job-search-card-subtitle,"San Diego, CA"
Data Analyst (Growth),https://www.linkedin.com/jobs/view/data-analyst-growth-at-poshmark-4183541495?position=1&pageNum=30&refId=IzvDhUe6RcdYWXcKyQbU0Q%3D%3D&trackingId=RPjZzLPNbTCP2AxQ9lMkcQ%3D%3D,3 days ago,Poshmark,https://www.linkedin.com/company/poshmark?trk=public_jobs_jserp-result_job-search-card-subtitle,"Redwood City, CA"
Robotics Software Engineer,https://www.linkedin.com/jobs/view/robotics-software-engineer-at-johnson-johnson-4184253189?position=2&pageNum=30&refId=IzvDhUe6RcdYWXcKyQbU0Q%3D%3D&trackingId=7ZW1R2tIg5IsES0i%2BaR2Gg%3D%3D,2 days ago,Johnson & Johnson,https://www.linkedin.com/company/johnson-&-johnson?trk=public_jobs_jserp-result_job-search-card-subtitle,"Santa Clara, CA"
Business Analyst,https://www.linkedin.com/jobs/view/business-analyst-at-stealth-startup-4186829662?position=3&pageNum=30&refId=IzvDhUe6RcdYWXcKyQbU0Q%3D%3D&trackingId=cPLjzSYDtng115YZ%2B%2FDZeQ%3D%3D,2 minutes ago,Stealth Startup,https://in.linkedin.com/company/stealth-startup-careers?trk=public_jobs_jserp-result_job-search-card-subtitle,United States
Software Engineer II - Python (REMOTE),https://www.linkedin.com/jobs/view/software-engineer-ii-python-remote-at-claritev-4169968484?position=4&pageNum=30&refId=IzvDhUe6RcdYWXcKyQbU0Q%3D%3D&trackingId=XX3dcuRKSkfL3g%2BSp7nzeA%3D%3D,2 weeks ago,Claritev,https://www.linkedin.com/company/claritev?trk=public_jobs_jserp-result_job-search-card-subtitle,"Bedford, MA"
Software Engineer Public Sector - New Grad,https://www.linkedin.com/jobs/view/software-engineer-public-sector-new-grad-at-scale-ai-4183131285?position=5&pageNum=30&refId=IzvDhUe6RcdYWXcKyQbU0Q%3D%3D&trackingId=isARIcv6gfmKo5MD8ySbUg%3D%3D,3 days ago,Scale AI,https://www.linkedin.com/company/scaleai?trk=public_jobs_jserp-result_job-search-card-subtitle,San Francisco Bay Area
Math Tutoring - Flexible Hours,https://www.linkedin.com/jobs/view/math-tutoring-flexible-hours-at-outlier-4183052314?position=6&pageNum=30&refId=IzvDhUe6RcdYWXcKyQbU0Q%3D%3D&trackingId=2%2Fo0UI7%2FMCCr1OvP%2F11fdw%3D%3D,1 hour ago,Outlier,https://www.linkedin.com/company/try-outlier?trk=public_jobs_jserp-result_job-search-card-subtitle,"Columbus, OH"
Healthcare Data Analyst,https://www.linkedin.com/jobs/view/healthcare-data-analyst-at-safelyyou-4184283235?position=7&pageNum=30&refId=IzvDhUe6RcdYWXcKyQbU0Q%3D%3D&trackingId=DYxL9gTTmrZgd4kqtwlI3A%3D%3D,2 days ago,SafelyYou,https://www.linkedin.com/company/safelyyou?trk=public_jobs_jserp-result_job-search-card-subtitle,"San Francisco, CA"
Java API Developers with Python,https://www.linkedin.com/jobs/view/java-api-developers-with-python-at-chelsoft-solutions-co-4132506012?position=8&pageNum=30&refId=IzvDhUe6RcdYWXcKyQbU0Q%3D%3D&trackingId=LEU%2BSF2qkcGxaYntNrvShg%3D%3D,1 month ago,Chelsoft Solutions Co.,https://www.linkedin.com/company/chelsoft-solutions-co?trk=public_jobs_jserp-result_job-search-card-subtitle,"Denver, CO"
Software Engineer II - Python (REMOTE),https://www.linkedin.com/jobs/view/software-engineer-ii-python-remote-at-claritev-4169966846?position=9&pageNum=30&refId=IzvDhUe6RcdYWXcKyQbU0Q%3D%3D&trackingId=eFDqzR9upilGuW86We7Xgg%3D%3D,2 weeks ago,Claritev,https://www.linkedin.com/company/claritev?trk=public_jobs_jserp-result_job-search-card-subtitle,"Irving, TX"
Engineer I,https://www.linkedin.com/jobs/view/engineer-i-at-digitalocean-4185385344?position=10&pageNum=30&refId=IzvDhUe6RcdYWXcKyQbU0Q%3D%3D&trackingId=zR0OhW01lFalwiD3HBt3jA%3D%3D,1 day ago,DigitalOcean,https://www.linkedin.com/company/digitalocean?trk=public_jobs_jserp-result_job-search-card-subtitle,"San Francisco, CA"
Math Tutoring - Flexible Hours,https://www.linkedin.com/jobs/view/math-tutoring-flexible-hours-at-outlier-4183052337?position=1&pageNum=32&refId=FEKdkl2NH35hgMf6BnFRMw%3D%3D&trackingId=fTuivUqbQCjX4tdhmKVPKg%3D%3D,1 hour ago,Outlier,https://www.linkedin.com/company/try-outlier?trk=public_jobs_jserp-result_job-search-card-subtitle,"Columbia, SC"
Math Tutoring - Flexible Hours,https://www.linkedin.com/jobs/view/math-tutoring-flexible-hours-at-outlier-4183040311?position=2&pageNum=32&refId=FEKdkl2NH35hgMf6BnFRMw%3D%3D&trackingId=zAdjQvpbTYjTAzahG8cQGg%3D%3D,1 hour ago,Outlier,https://www.linkedin.com/company/try-outlier?trk=public_jobs_jserp-result_job-search-card-subtitle,"Arlington, TX"
Software Engineer,https://www.linkedin.com/jobs/view/software-engineer-at-salcomp-manufacturing-usa-4184813444?position=3&pageNum=32&refId=FEKdkl2NH35hgMf6BnFRMw%3D%3D&trackingId=ac78ra2yVHZ7RlOLqdNpGA%3D%3D,2 days ago,Salcomp Manufacturing USA,https://www.linkedin.com/company/salcomp-usa-manufacturing?trk=public_jobs_jserp-result_job-search-card-subtitle,"Arlington, TX"
Python Developer,https://www.linkedin.com/jobs/view/python-developer-at-understanding-recruitment-4175855715?position=4&pageNum=32&refId=FEKdkl2NH35hgMf6BnFRMw%3D%3D&trackingId=2b7qt8rn7Dv4A5xEwaEyAA%3D%3D,1 week ago,Understanding Recruitment,https://uk.linkedin.com/company/understanding-recruitment?trk=public_jobs_jserp-result_job-search-card-subtitle,San Francisco Bay Area
Python Developer,https://www.linkedin.com/jobs/view/python-developer-at-synechron-4177254124?position=5&pageNum=32&refId=FEKdkl2NH35hgMf6BnFRMw%3D%3D&trackingId=VmmOK1Qp3NEXh1xKiychpg%3D%3D,6 days ago,Synechron,https://www.linkedin.com/company/synechron?trk=public_jobs_jserp-result_job-search-card-subtitle,"Dallas, TX"
Senior Data Analyst,https://www.linkedin.com/jobs/view/senior-data-analyst-at-coinbase-4184289721?position=6&pageNum=32&refId=FEKdkl2NH35hgMf6BnFRMw%3D%3D&trackingId=RDp%2F8ns%2BZo%2FFMdmzb7qpyg%3D%3D,2 days ago,Coinbase,https://www.linkedin.com/company/coinbase?trk=public_jobs_jserp-result_job-search-card-subtitle,United States
Equity Research Associate,https://www.linkedin.com/jobs/view/equity-research-associate-at-undisclosed-4185004127?position=7&pageNum=32&refId=FEKdkl2NH35hgMf6BnFRMw%3D%3D&trackingId=PNNb5BqyP2FWh5JBNL9W%2BQ%3D%3D,1 day ago,Undisclosed,https://www.linkedin.com/company/undisclosed_7?trk=public_jobs_jserp-result_job-search-card-subtitle,"New York, United States"
Full Stack Python Developer,https://www.linkedin.com/jobs/view/full-stack-python-developer-at-resource-innovations-4181139697?position=8&pageNum=32&refId=FEKdkl2NH35hgMf6BnFRMw%3D%3D&trackingId=%2BJeYhHUcBLqJHLK8y6ORwg%3D%3D,5 days ago,Resource Innovations,https://www.linkedin.com/company/resourceinnovations?trk=public_jobs_jserp-result_job-search-card-subtitle,"Hartford, CT"
Senior Python Developer,https://www.linkedin.com/jobs/view/senior-python-developer-at-capgemini-4148671701?position=9&pageNum=32&refId=FEKdkl2NH35hgMf6BnFRMw%3D%3D&trackingId=FNJEstE%2F46wuyFdl9GXj%2Bw%3D%3D,1 month ago,Capgemini,https://fr.linkedin.com/company/capgemini?trk=public_jobs_jserp-result_job-search-card-subtitle,"Colorado, United States"
Python Lead Developer With (Snowflake & Java),https://www.linkedin.com/jobs/view/python-lead-developer-with-snowflake-java-at-ccube-4168615614?position=10&pageNum=32&refId=FEKdkl2NH35hgMf6BnFRMw%3D%3D&trackingId=NTktYKNheGj5JTBIBV932g%3D%3D,2 weeks ago,Ccube,https://www.linkedin.com/company/ccube-inc?trk=public_jobs_jserp-result_job-search-card-subtitle,"Chicago, IL"
Role -Python Automation (Embedded Device Testing),https://www.linkedin.com/jobs/view/role-python-automation-embedded-device-testing-at-appzlogic-4180597843?position=1&pageNum=35&refId=1tsJxbFvSrMsGK8Cbb6s4w%3D%3D&trackingId=HWRzUYpcsZCxbfcC0%2BySiQ%3D%3D,3 days ago,Appzlogic,https://in.linkedin.com/company/appzlogic?trk=public_jobs_jserp-result_job-search-card-subtitle,"San Diego, CA"
Quality Assurance Engineer,https://www.linkedin.com/jobs/view/quality-assurance-engineer-at-routesmart-technologies-4183156582?position=2&pageNum=35&refId=1tsJxbFvSrMsGK8Cbb6s4w%3D%3D&trackingId=fI6D7H0ATknVEOy%2FPJwKkQ%3D%3D,3 days ago,RouteSmart Technologies,https://www.linkedin.com/company/routesmart-technologies?trk=public_jobs_jserp-result_job-search-card-subtitle,"Melville, NY"
Backend Developer (Python),https://www.linkedin.com/jobs/view/backend-developer-python-at-vibgyor-usa-inc-4181228521?position=3&pageNum=35&refId=1tsJxbFvSrMsGK8Cbb6s4w%3D%3D&trackingId=y4VA3KlBpozXa%2F3uY9h8XA%3D%3D,1 day ago,Vibgyor USA Inc,https://www.linkedin.com/company/vibgyorusa?trk=public_jobs_jserp-result_job-search-card-subtitle,"Charlotte, NC"
Python Software Engineer,https://www.linkedin.com/jobs/view/python-software-engineer-at-leidos-4175770181?position=4&pageNum=35&refId=1tsJxbFvSrMsGK8Cbb6s4w%3D%3D&trackingId=Kwi%2BdsT0%2FX9dcwkn1h2ZRw%3D%3D,1 week ago,Leidos,https://www.linkedin.com/company/leidos?trk=public_jobs_jserp-result_job-search-card-subtitle,"Fort Meade, MD"
Business Operations Associate,https://www.linkedin.com/jobs/view/business-operations-associate-at-metabase-4185036995?position=5&pageNum=35&refId=1tsJxbFvSrMsGK8Cbb6s4w%3D%3D&trackingId=URTBqrW5M9%2FQZLftkjQ4Yw%3D%3D,1 day ago,Metabase,https://www.linkedin.com/company/metabase?trk=public_jobs_jserp-result_job-search-card-subtitle,United States
Data Scientist,https://www.linkedin.com/jobs/view/data-scientist-at-people-tech-group-inc-4184054767?position=6&pageNum=35&refId=1tsJxbFvSrMsGK8Cbb6s4w%3D%3D&trackingId=riFiy3G2sdpF4Qmo1sJ%2F6A%3D%3D,2 days ago,People Tech Group Inc,https://www.linkedin.com/company/people-tech-group-inc?trk=public_jobs_jserp-result_job-search-card-subtitle,"Iowa, United States"
"Software Engineering Intern, Frontend - Fall 2025",https://www.linkedin.com/jobs/view/software-engineering-intern-frontend-fall-2025-at-verkada-4184302635?position=7&pageNum=35&refId=1tsJxbFvSrMsGK8Cbb6s4w%3D%3D&trackingId=64lCuZqwuWvLN0kkTeJqbA%3D%3D,2 days ago,Verkada,https://www.linkedin.com/company/verkada?trk=public_jobs_jserp-result_job-search-card-subtitle,"San Mateo, CA"
Data Quality Analyst,https://www.linkedin.com/jobs/view/data-quality-analyst-at-strategic-staffing-solutions-4184856073?position=8&pageNum=35&refId=1tsJxbFvSrMsGK8Cbb6s4w%3D%3D&trackingId=ggKjPQaYo79y%2Bf8ln7pyfQ%3D%3D,1 day ago,Strategic Staffing Solutions,https://www.linkedin.com/company/strategic-staffing-solutions?trk=public_jobs_jserp-result_job-search-card-subtitle,"Charlotte, NC"
Software Engineer II - Python (REMOTE),https://www.linkedin.com/jobs/view/software-engineer-ii-python-remote-at-claritev-4169969408?position=9&pageNum=35&refId=1tsJxbFvSrMsGK8Cbb6s4w%3D%3D&trackingId=V%2B5SID%2Fi4uN43CTTCPHTmA%3D%3D,2 weeks ago,Claritev,https://www.linkedin.com/company/claritev?trk=public_jobs_jserp-result_job-search-card-subtitle,"McLean, VA"
Math Tutoring - Onboarding Now,https://www.linkedin.com/jobs/view/math-tutoring-onboarding-now-at-outlier-4183049440?position=10&pageNum=35&refId=1tsJxbFvSrMsGK8Cbb6s4w%3D%3D&trackingId=cIZde3aSoqKwPRbWXy9zTg%3D%3D,1 hour ago,Outlier,https://www.linkedin.com/company/try-outlier?trk=public_jobs_jserp-result_job-search-card-subtitle,"Greensboro, NC"
